timestamp_utc,experiment,variant,job_name,start_ts,end_ts,duration_s,runner,job_id,state,worker_type,num_workers,max_num_workers,flexrs_goal,out_prefix,input_uri,dataset_tag,type_job,vcpu_hours,memory_gb_hours,pd_gb_hours,ssd_gb_hours,shuffle_gb,total_shuffle_gb,current_vcpus,current_memory_gb,records_processed,throughput_rps,cost_vcpu_usd,cost_memory_usd,cost_shuffle_usd,total_cost_usd,unit_cost_usd_per_mm
2025-09-02T04:11:56,T1,serverless,t1-serverless-base-20mb-1-20250902-040453,2025-09-02T04:05:00+00:00,2025-09-02T04:11:26+00:00,386.01393,dataflow,2025-09-01_21_04_59-16033954622806803247,JOB_STATE_DONE,n2-standard-2,1,4,,gs://bucket-mba-ricardo/t1/out/t1-serverless/base-20mb/t1-serverless-base-20mb-1-20250902-040453/part,gs://bucket-mba-ricardo/t1/base_20mb.csv,base-20mb,serverless,0.1013888888888888,0.4057286241319444,1.2677777777777777,0.0,0.0015556141734123,0.0062224576249718,2,8.0,201207,521.2428473760001,0.0085166666666666,0.0021647650740559,2.7176579609513283e-05,0.0107086083203321,0.0532218477504866
2025-09-02T04:18:45,T1,serverless,t1-serverless-base-20mb-2-20250902-041156,2025-09-02T04:12:00+00:00,2025-09-02T04:18:19+00:00,379.041593,dataflow,2025-09-01_21_11_59-17227295446697643877,JOB_STATE_DONE,n2-standard-2,1,4,,gs://bucket-mba-ricardo/t1/out/t1-serverless/base-20mb/t1-serverless-base-20mb-2-20250902-041156/part,gs://bucket-mba-ricardo/t1/base_20mb.csv,base-20mb,serverless,0.0975,0.3906947157118055,1.2208333333333334,0.0,0.0015560509636998,0.0062242038547992,2,8.0,201391,531.3163613682892,0.00819,0.0020845516556803,2.718421033583581e-05,0.0103017358660161,0.0511529108352219
2025-09-02T04:25:35,T1,serverless,t1-serverless-base-20mb-3-20250902-041845,2025-09-02T04:18:48+00:00,2025-09-02T04:25:07+00:00,378.453397,dataflow,2025-09-01_21_18_47-10231461564807421699,JOB_STATE_DONE,n2-standard-2,1,4,,gs://bucket-mba-ricardo/t1/out/t1-serverless/base-20mb/t1-serverless-base-20mb-3-20250902-041845/part,gs://bucket-mba-ricardo/t1/base_20mb.csv,base-20mb,serverless,0.0972222222222222,0.3897564019097222,1.2177777777777778,0.0,0.0015553124248981,0.0062212506309151,2,8.0,201080,531.3203728489719,0.0081666666666666,0.0020795452823893,2.717130806297064e-05,0.0102733832571189,0.0510910247519343
2025-09-02T05:25:04,T1,serverless,t1-serverless-base-1gb-1-20250902-050534,2025-09-02T05:05:35+00:00,2025-09-02T05:24:33+00:00,1137.587341,dataflow,2025-09-01_22_05_34-2693782288327269042,JOB_STATE_DONE,n2-standard-2,1,4,,gs://bucket-mba-ricardo/t1/out/t1-serverless/base-1gb/t1-serverless-base-1gb-1-20250902-050534/part,gs://bucket-mba-ricardo/t1/base_1gb.csv,base-1gb,serverless,1.0719444444444444,4.288811577690972,13.4025,0.0,0.1594912353903055,0.6379649415612221,6,24.0,13387787,11768.579446595651,0.0900433333333333,0.0228829541727701,0.0027863118822686,0.1157125993883721,0.0086431461292573
2025-09-02T05:49:17,T1,serverless,t1-serverless-base-1gb-2-20250902-052504,2025-09-02T05:25:04+00:00,2025-09-02T05:48:45+00:00,1421.159657,dataflow,2025-09-01_22_25_03-11977051882515299454,JOB_STATE_DONE,n2-standard-2,1,4,,gs://bucket-mba-ricardo/t1/out/t1-serverless/base-1gb/t1-serverless-base-1gb-2-20250902-052504/part,gs://bucket-mba-ricardo/t1/base_1gb.csv,base-1gb,serverless,1.185,4.740609809027778,14.814166666666669,0.0,0.1535654822364449,0.6142619317397475,6,24.0,10271431,7227.49970378592,0.09954,0.0252935236360677,0.0026827889746706,0.1275163126107384,0.0124146589322109
2025-09-02T06:12:53,T1,serverless,t1-serverless-base-1gb-3-20250902-054917,2025-09-02T05:49:19+00:00,2025-09-02T06:12:28+00:00,1389.335025,dataflow,2025-09-01_22_49_18-2444858359556246553,JOB_STATE_DONE,n2-standard-2,1,4,,gs://bucket-mba-ricardo/t1/out/t1-serverless/base-1gb/t1-serverless-base-1gb-3-20250902-054917/part,gs://bucket-mba-ricardo/t1/base_1gb.csv,base-1gb,serverless,1.1497222222222223,4.599749077690972,14.374166666666667,0.0,0.1535765910521149,0.6143063651397824,6,24.0,10343252,7444.750052277707,0.0965766666666666,0.0245419612040201,0.0026829830456804,0.1238016109163673,0.0119693120612711
2025-09-02T06:26:52,T1,dedicada,t1-dedicada-base-20mb-1-20250902-061957,2025-09-02T06:20:01+00:00,2025-09-02T06:26:25+00:00,383.977795,dataflow,2025-09-01_23_20_00-12542405569472742068,JOB_STATE_DONE,n2-standard-2,2,2,,gs://bucket-mba-ricardo/t1/out/t1-dedicada/base-20mb/t1-dedicada-base-20mb-1-20250902-061957/part,gs://bucket-mba-ricardo/t1/base_20mb.csv,base-20mb,serverless,0.1913888888888889,0.7655601671006944,2.3922222222222222,0.0,0.0014333613216876,0.0057334452867507,4,16.0,150015,390.6866541592594,0.0160766666666666,0.0040846462715657,2.504082228988409e-05,0.0201863537605223,0.134562235513264
2025-09-02T06:33:36,T1,dedicada,t1-dedicada-base-20mb-2-20250902-062652,2025-09-02T06:26:55+00:00,2025-09-02T06:33:07+00:00,371.322899,dataflow,2025-09-01_23_26_54-291729953008955659,JOB_STATE_DONE,n2-standard-2,2,2,,gs://bucket-mba-ricardo/t1/out/t1-dedicada/base-20mb/t1-dedicada-base-20mb-2-20250902-062652/part,gs://bucket-mba-ricardo/t1/base_20mb.csv,base-20mb,serverless,0.1833333333333333,0.7335679796006944,2.292222222222222,0.0,0.0014333613216876,0.0057334452867507,4,16.0,150015,404.00147796971714,0.0154,0.0039139519551595,2.504082228988409e-05,0.0193389927774493,0.1289137271436149
2025-09-02T06:40:16,T1,dedicada,t1-dedicada-base-20mb-3-20250902-063336,2025-09-02T06:33:42+00:00,2025-09-02T06:39:47+00:00,365.212733,dataflow,2025-09-01_23_33_41-16310405358352987740,JOB_STATE_DONE,n2-standard-2,2,2,,gs://bucket-mba-ricardo/t1/out/t1-dedicada/base-20mb/t1-dedicada-base-20mb-3-20250902-063336/part,gs://bucket-mba-ricardo/t1/base_20mb.csv,base-20mb,serverless,0.1802777777777778,0.7214287651909722,2.2544444444444443,0.0,0.0014333613216876,0.0057334452867507,4,16.0,150015,410.76059634536347,0.0151433333333333,0.0038491831766764,2.504082228988409e-05,0.0190175573322996,0.1267710384448198
2025-09-02T06:54:57,T1,dedicada,t1-dedicada-base-1gb-1-20250902-064016,2025-09-02T06:40:19+00:00,2025-09-02T06:54:31+00:00,852.096677,dataflow,2025-09-01_23_40_18-15749670894484906313,JOB_STATE_DONE,n2-standard-2,2,2,,gs://bucket-mba-ricardo/t1/out/t1-dedicada/base-1gb/t1-dedicada-base-1gb-1-20250902-064016/part,gs://bucket-mba-ricardo/t1/base_1gb.csv,base-1gb,serverless,0.7080555555555555,2.8333281792534724,8.85388888888889,0.0,0.1107493853196501,0.4429975431412458,4,16.0,8861298,10399.404479780644,0.0594766666666666,0.0151172225004069,0.0019347917615342,0.0765286809286078,0.0086362834122729
2025-09-02T07:09:33,T1,dedicada,t1-dedicada-base-1gb-2-20250902-065457,2025-09-02T06:54:58+00:00,2025-09-02T07:09:04+00:00,845.428825,dataflow,2025-09-01_23_54_57-16210538426910947913,JOB_STATE_DONE,n2-standard-2,2,2,,gs://bucket-mba-ricardo/t1/out/t1-dedicada/base-1gb/t1-dedicada-base-1gb-2-20250902-065457/part,gs://bucket-mba-ricardo/t1/base_1gb.csv,base-1gb,serverless,0.7127777777777777,2.851873643663194,8.911944444444444,0.0,0.1164849093183875,0.4659396400675177,4,16.0,9788981,11578.7168718786,0.0598733333333333,0.0152161718257649,0.0020349913657922,0.0771244965248905,0.0078787053039423
2025-09-02T07:24:24,T1,dedicada,t1-dedicada-base-1gb-3-20250902-070933,2025-09-02T07:09:39+00:00,2025-09-02T07:23:56+00:00,856.571066,dataflow,2025-09-02_00_09_38-15592869603631621408,JOB_STATE_DONE,n2-standard-2,2,2,,gs://bucket-mba-ricardo/t1/out/t1-dedicada/base-1gb/t1-dedicada-base-1gb-3-20250902-070933/part,gs://bucket-mba-ricardo/t1/base_1gb.csv,base-1gb,serverless,0.7158333333333333,2.8643310546875,8.950833333333334,0.0,0.114225598052144,0.4569023922085762,4,16.0,8972509,10474.914874138418,0.06013,0.0152826383422851,0.0019955211979709,0.0774081595402561,0.0086272590576678
2025-09-02T07:31:53,T1,dedicada-min,t1-dedicada-min-base-20mb-1-20250902-072425,2025-09-02T07:24:28+00:00,2025-09-02T07:31:26+00:00,417.606561,dataflow,2025-09-02_00_24_27-4187966857961158095,JOB_STATE_DONE,e2-standard-2,2,2,,gs://bucket-mba-ricardo/t1/out/t1-dedicada-min/base-20mb/t1-dedicada-min-base-20mb-1-20250902-072425/part,gs://bucket-mba-ricardo/t1/base_20mb.csv,base-20mb,serverless,0.2191666666666666,0.8776445855034722,2.7425,0.0,0.0014333613216876,0.0057334452867507,4,16.0,150015,359.2256779701313,0.01841,0.0046826726859537,2.504082228988409e-05,0.0231177135082436,0.154102679786979
2025-09-02T07:39:19,T1,dedicada-min,t1-dedicada-min-base-20mb-2-20250902-073153,2025-09-02T07:31:54+00:00,2025-09-02T07:38:54+00:00,419.554069,dataflow,2025-09-02_00_31_53-17951122940135515025,JOB_STATE_DONE,e2-standard-2,2,2,,gs://bucket-mba-ricardo/t1/out/t1-dedicada-min/base-20mb/t1-dedicada-min-base-20mb-2-20250902-073153/part,gs://bucket-mba-ricardo/t1/base_20mb.csv,base-20mb,serverless,0.235,0.9401375325520832,2.937777777777778,0.0,0.0014807265251874,0.0059229070320725,4,16.0,169847,404.8274407273118,0.01974,0.0050161038049316,2.586829239502549e-05,0.0247819720973266,0.145907623315847
2025-09-02T07:46:42,T1,dedicada-min,t1-dedicada-min-base-20mb-3-20250902-073919,2025-09-02T07:39:22+00:00,2025-09-02T07:46:15+00:00,412.806243,dataflow,2025-09-02_00_39_21-15956901820173687072,JOB_STATE_DONE,e2-standard-2,2,2,,gs://bucket-mba-ricardo/t1/out/t1-dedicada-min/base-20mb/t1-dedicada-min-base-20mb-3-20250902-073919/part,gs://bucket-mba-ricardo/t1/base_20mb.csv,base-20mb,serverless,0.2216666666666666,0.8867626953125,2.771111111111112,0.0,0.0014560725539922,0.0058242911472916,4,16.0,159523,386.4355316932549,0.01862,0.0047313223608398,2.5437587518244986e-05,0.023376759948358,0.1465416269024409
2025-09-02T08:04:33,T1,dedicada-min,t1-dedicada-min-base-1gb-1-20250902-074642,2025-09-02T07:46:45+00:00,2025-09-02T08:04:02+00:00,1036.816729,dataflow,2025-09-02_00_46_44-11697808323923074912,JOB_STATE_DONE,e2-standard-2,2,2,,gs://bucket-mba-ricardo/t1/out/t1-dedicada-min/base-1gb/t1-dedicada-min-base-1gb-1-20250902-074642/part,gs://bucket-mba-ricardo/t1/base_1gb.csv,base-1gb,serverless,0.9058333333333334,3.624187282986111,11.325555555555557,0.0,0.1129324175417423,0.4517296701669693,4,16.0,8375231,8077.831660835403,0.07609,0.0193368512483723,0.0019729293344542,0.0973997805828266,0.0116295037811884
2025-09-02T08:17:57,T1,dedicada-min,t1-dedicada-min-base-1gb-2-20250902-080433,2025-09-02T08:04:34+00:00,2025-09-02T08:17:28+00:00,773.444308,dataflow,2025-09-02_01_04_33-18050941883980809272,JOB_STATE_DONE,e2-standard-2,2,2,,gs://bucket-mba-ricardo/t1/out/t1-dedicada-min/base-1gb/t1-dedicada-min-base-1gb-2-20250902-080433/part,gs://bucket-mba-ricardo/t1/base_1gb.csv,base-1gb,serverless,0.6327777777777778,2.532113172743056,7.9127777777777775,0.0,0.104980687610805,0.4199227532371878,4,16.0,8508494,11000.784299520632,0.0531533333333333,0.0135100898331705,0.0018340126125607,0.0684974357790646,0.0080504770619882
2025-09-02T08:36:22,T1,dedicada-min,t1-dedicada-min-base-1gb-3-20250902-081757,2025-09-02T08:17:59+00:00,2025-09-02T08:35:55+00:00,1076.643679,dataflow,2025-09-02_01_17_58-18210716040240591600,JOB_STATE_DONE,e2-standard-2,2,2,,gs://bucket-mba-ricardo/t1/out/t1-dedicada-min/base-1gb/t1-dedicada-min-base-1gb-3-20250902-081757/part,gs://bucket-mba-ricardo/t1/base_1gb.csv,base-1gb,serverless,0.9572222222222222,3.829347601996528,11.966666666666669,0.0,0.1105093192309141,0.442037277854979,4,16.0,8052156,7478.942343746394,0.0804066666666666,0.0204314841304524,0.001930597806964,0.1027687486040832,0.0127628859406205
2025-09-02T08:47:32,T1,serverless,t1-serverless-base-200mb-1-20250902-083709,2025-09-02T08:37:09+00:00,2025-09-02T08:47:02+00:00,592.932877,dataflow,2025-09-02_01_37_08-2982111239558637652,JOB_STATE_DONE,n2-standard-2,1,4,,gs://bucket-mba-ricardo/t1/out/t1-serverless/base-200mb/t1-serverless-base-200mb-1-20250902-083709/part,gs://bucket-mba-ricardo/t1/base_200mb.csv,base-200mb,serverless,0.2155555555555555,0.8623578559027778,2.694722222222222,0.0,0.0222242251038551,0.0888969013467431,2,8.0,2804731,4730.267301403157,0.0181066666666666,0.0046011103401692,0.0003882572125643,0.0230960342194002,0.008234669998442
2025-09-02T08:57:46,T1,serverless,t1-serverless-base-200mb-2-20250902-084732,2025-09-02T08:47:33+00:00,2025-09-02T08:57:18+00:00,584.2207,dataflow,2025-09-02_01_47_32-12588795417356587120,JOB_STATE_DONE,n2-standard-2,1,4,,gs://bucket-mba-ricardo/t1/out/t1-serverless/base-200mb/t1-serverless-base-200mb-2-20250902-084732/part,gs://bucket-mba-ricardo/t1/base_200mb.csv,base-200mb,serverless,0.2055555555555555,0.8231944444444445,2.5722222222222224,0.0,0.0208044098690152,0.083217641338706,2,8.0,2454010,4200.484508679682,0.0172666666666666,0.0043921539583333,0.0003634530404116,0.0220222736654116,0.0089739950796499
2025-09-02T09:07:55,T1,serverless,t1-serverless-base-200mb-3-20250902-085746,2025-09-02T08:57:47+00:00,2025-09-02T09:07:28+00:00,580.342468,dataflow,2025-09-02_01_57_46-10608336721097119828,JOB_STATE_DONE,n2-standard-2,1,4,,gs://bucket-mba-ricardo/t1/out/t1-serverless/base-200mb/t1-serverless-base-200mb-3-20250902-085746/part,gs://bucket-mba-ricardo/t1/base_200mb.csv,base-200mb,serverless,0.2080555555555555,0.8330354817708333,2.603055555555556,0.0,0.0192424561828374,0.0769698275253176,2,8.0,2687976,4631.706532288448,0.0174766666666666,0.0044446608129882,0.0003361657095141,0.0222574931891691,0.0082803913387504
2025-09-02T09:16:04,T1,dedicada,t1-dedicada-base-200mb-1-20250902-090755,2025-09-02T09:07:56+00:00,2025-09-02T09:15:36+00:00,460.221504,dataflow,2025-09-02_02_07_55-312639776405487649,JOB_STATE_DONE,n2-standard-2,2,2,,gs://bucket-mba-ricardo/t1/out/t1-dedicada/base-200mb/t1-dedicada-base-200mb-1-20250902-090755/part,gs://bucket-mba-ricardo/t1/base_200mb.csv,base-200mb,serverless,0.2863888888888889,1.1456971571180556,3.580277777777778,0.0,0.0181630663573741,0.0726522672921419,4,16.0,2276037,4945.525100887072,0.0240566666666666,0.0061128671818033,0.0003173087692633,0.0304868426177333,0.0133947043118074
2025-09-02T09:24:16,T1,dedicada,t1-dedicada-base-200mb-2-20250902-091604,2025-09-02T09:16:03+00:00,2025-09-02T09:23:45+00:00,461.811562,dataflow,2025-09-02_02_16_02-14819101728706952287,JOB_STATE_DONE,n2-standard-2,2,2,,gs://bucket-mba-ricardo/t1/out/t1-dedicada/base-200mb/t1-dedicada-base-200mb-2-20250902-091604/part,gs://bucket-mba-ricardo/t1/base_200mb.csv,base-200mb,serverless,0.2875,1.1503694661458332,3.5947222222222224,0.0,0.0186887132003903,0.0747548528015613,4,16.0,2290407,4959.613808889437,0.02415,0.006137796286621,0.0003264918196108,0.0306142881062319,0.013366309178339
2025-09-02T09:32:34,T1,dedicada,t1-dedicada-base-200mb-3-20250902-092416,2025-09-02T09:24:16+00:00,2025-09-02T09:32:04+00:00,468.354754,dataflow,2025-09-02_02_24_15-13143670352350169670,JOB_STATE_DONE,n2-standard-2,2,2,,gs://bucket-mba-ricardo/t1/out/t1-dedicada/base-200mb/t1-dedicada-base-200mb-3-20250902-092416/part,gs://bucket-mba-ricardo/t1/base_200mb.csv,base-200mb,serverless,0.2905555555555555,1.1626668294270834,3.633333333333333,0.0,0.0186529355123639,0.0746117429807782,4,16.0,2276796,4861.263776133251,0.0244066666666666,0.0062034088684082,0.0003258667834009,0.0309359423184758,0.0135874897524749
2025-09-02T09:42:09,T1,dedicada-min,t1-dedicada-min-base-200mb-1-20250902-093234,2025-09-02T09:32:35+00:00,2025-09-02T09:41:37+00:00,542.009963,dataflow,2025-09-02_02_32_34-5080700357146640320,JOB_STATE_DONE,e2-standard-2,2,2,,gs://bucket-mba-ricardo/t1/out/t1-dedicada-min/base-200mb/t1-dedicada-min-base-200mb-1-20250902-093234/part,gs://bucket-mba-ricardo/t1/base_200mb.csv,base-200mb,serverless,0.3652777777777777,1.4615367296006945,4.567222222222222,0.0,0.018307083286345,0.0732283340767026,4,16.0,2306888,4256.172685888433,0.0306833333333333,0.0077980292207845,0.0003198247450124,0.0388011872991302,0.0168197100592357
2025-09-02T09:51:58,T1,dedicada-min,t1-dedicada-min-base-200mb-2-20250902-094209,2025-09-02T09:42:15+00:00,2025-09-02T09:51:27+00:00,552.471442,dataflow,2025-09-02_02_42_14-15290254976095541822,JOB_STATE_DONE,e2-standard-2,2,2,,gs://bucket-mba-ricardo/t1/out/t1-dedicada-min/base-200mb/t1-dedicada-min-base-200mb-2-20250902-094209/part,gs://bucket-mba-ricardo/t1/base_200mb.csv,base-200mb,serverless,0.3755555555555555,1.5025493706597222,4.695277777777778,0.0,0.0177568523213267,0.071027411147952,4,16.0,1928061,3489.883554922283,0.0315466666666666,0.0080168521671549,0.0003102122100535,0.0398737310438751,0.0206807414515802
2025-09-02T10:01:59,T1,dedicada-min,t1-dedicada-min-base-200mb-3-20250902-095158,2025-09-02T09:52:01+00:00,2025-09-02T10:01:30+00:00,568.685857,dataflow,2025-09-02_02_52_00-7618729887327264022,JOB_STATE_DONE,e2-standard-2,2,2,,gs://bucket-mba-ricardo/t1/out/t1-dedicada-min/base-200mb/t1-dedicada-min-base-200mb-3-20250902-095158/part,gs://bucket-mba-ricardo/t1/base_200mb.csv,base-200mb,serverless,0.38861111111111113,1.5554144965277779,4.860555555555556,0.0,0.019382914528250694,0.07753165997564793,4,16.0,2290947,4028.493010333471,0.03264333333333334,0.008298914046223958,0.0003386195168085396,0.041280866896365835,0.018019127852528162
2025-09-03T00:37:41,T2,ondemand,t2-ondemand-base-20mb-1-20250903-003052,2025-09-03T00:30:54+00:00,2025-09-03T00:37:16+00:00,382.317189,dataflow,2025-09-02_17_30_53-17595273150462287705,JOB_STATE_DONE,n2-standard-2,1,4,,gs://bucket-mba-ricardo/t2/out/t2-ondemand/base-20mb/t2-ondemand-base-20mb-1-20250903-003052/part,gs://bucket-mba-ricardo/t2/base_20mb.csv,base-20mb,serverless,0.0936111111111111,0.37543212890625,1.1730555555555555,0.0,0.0015571396797895,0.0062285596504807,2,8.0,201847,527.95690543749,0.0078633333333333,0.0020031181237792,2.720323020592332e-05,0.0098936546873185,0.0490156142390947
2025-09-03T00:44:36,T2,ondemand,t2-ondemand-base-20mb-2-20250903-003741,2025-09-03T00:37:40+00:00,2025-09-03T00:44:08+00:00,387.890167,dataflow,2025-09-02_17_37_39-12862939866881172413,JOB_STATE_DONE,n2-standard-2,1,4,,gs://bucket-mba-ricardo/t2/out/t2-ondemand/base-20mb/t2-ondemand-base-20mb-2-20250903-003741/part,gs://bucket-mba-ricardo/t2/base_20mb.csv,base-20mb,serverless,0.1013888888888888,0.4063151041666666,1.2697222222222222,0.0,0.0015566172078251,0.0062264688313007,2,8.0,201629,519.8095160788131,0.0085166666666666,0.0021678942382812,2.719410262070596e-05,0.0107117550075686,0.0531260632526502
2025-09-03T00:51:30,T2,ondemand,t2-ondemand-base-20mb-3-20250903-004436,2025-09-03T00:44:38+00:00,2025-09-03T00:51:07+00:00,388.518822,dataflow,2025-09-02_17_44_37-8610848854834028496,JOB_STATE_DONE,n2-standard-2,1,4,,gs://bucket-mba-ricardo/t2/out/t2-ondemand/base-20mb/t2-ondemand-base-20mb-3-20250903-004436/part,gs://bucket-mba-ricardo/t2/base_20mb.csv,base-20mb,serverless,0.1030555555555555,0.4123190646701389,1.288333333333333,0.0,0.0015556998550891,0.0062228022143244,2,8.0,201243,517.974905215789,0.0086566666666666,0.0021999283695475,2.7178076468408103e-05,0.0108837731126826,0.0540827413260714
2025-09-03T01:01:43,T2,ondemand,t2-ondemand-base-200mb-1-20250903-005130,2025-09-03T00:51:29+00:00,2025-09-03T01:01:15+00:00,585.933307,dataflow,2025-09-02_17_51_28-5112342085967763347,JOB_STATE_DONE,n2-standard-2,1,4,,gs://bucket-mba-ricardo/t2/out/t2-ondemand/base-200mb/t2-ondemand-base-200mb-1-20250903-005130/part,gs://bucket-mba-ricardo/t2/base_200mb.csv,base-200mb,serverless,0.2125,0.8501217990451388,2.656388888888889,0.0,0.0207985872402787,0.0831943517550826,2,8.0,2423116,4135.480900388548,0.01785,0.0045358248588053,0.0003633513190876,0.022749176177893,0.0093883974922756
2025-09-03T01:11:50,T2,ondemand,t2-ondemand-base-200mb-2-20250903-010143,2025-09-03T01:01:46+00:00,2025-09-03T01:11:21+00:00,575.03673,dataflow,2025-09-02_18_01_45-15062069461110961794,JOB_STATE_DONE,n2-standard-2,1,4,,gs://bucket-mba-ricardo/t2/out/t2-ondemand/base-200mb/t2-ondemand-base-200mb-2-20250903-010143/part,gs://bucket-mba-ricardo/t2/base_200mb.csv,base-200mb,serverless,0.2069444444444444,0.8284589301215278,2.588888888888889,0.0,0.0193388164043426,0.0773552684113383,2,8.0,2426662,4220.012172092033,0.0173833333333333,0.0044202426216634,0.0003378491225838,0.0221414250775806,0.0091242311774695
2025-09-03T01:22:07,T2,ondemand,t2-ondemand-base-200mb-3-20250903-011150,2025-09-03T01:11:53+00:00,2025-09-03T01:21:37+00:00,584.132395,dataflow,2025-09-02_18_11_52-3224169181167661425,JOB_STATE_DONE,n2-standard-2,1,4,,gs://bucket-mba-ricardo/t2/out/t2-ondemand/base-200mb/t2-ondemand-base-200mb-3-20250903-011150/part,gs://bucket-mba-ricardo/t2/base_200mb.csv,base-200mb,serverless,0.2116666666666666,0.8467022026909722,2.645833333333333,0.0,0.0208181664347648,0.0832726685330271,2,8.0,2143875,3670.186790444999,0.01778,0.0045175796024576,0.0003636933676153,0.022661272970073,0.010570239855436
2025-09-03T01:38:48,T2,ondemand,t2-ondemand-base-1gb-1-20250903-012207,2025-09-03T01:22:11+00:00,2025-09-03T01:38:17+00:00,966.593847,dataflow,2025-09-02_18_22_10-2343058727379419581,JOB_STATE_DONE,n2-standard-2,1,4,,gs://bucket-mba-ricardo/t2/out/t2-ondemand/base-1gb/t2-ondemand-base-1gb-1-20250903-012207/part,gs://bucket-mba-ricardo/t2/base_1gb.csv,base-1gb,serverless,0.8325,3.330955132378472,10.409166666666666,0.0,0.1255803862586617,0.502321545034647,6,24.0,10540217,10904.494201689244,0.06993,0.0177723111088053,0.0021938893479388,0.0898962004567441,0.0085288756822316
2025-09-03T02:02:24,T2,ondemand,t2-ondemand-base-1gb-2-20250903-013848,2025-09-03T01:38:47+00:00,2025-09-03T02:01:59+00:00,1392.53037,dataflow,2025-09-02_18_38_46-17297436784783284942,JOB_STATE_DONE,n2-standard-2,1,4,,gs://bucket-mba-ricardo/t2/out/t2-ondemand/base-1gb/t2-ondemand-base-1gb-2-20250903-013848/part,gs://bucket-mba-ricardo/t2/base_1gb.csv,base-1gb,serverless,1.1788888888888889,4.715780164930556,14.736666666666666,0.0,0.1543003600090742,0.6172014428302646,6,24.0,10548104,7574.774832379419,0.0990266666666666,0.0251610450699869,0.0026956272893585,0.1268833390260121,0.0120290185824876
2025-09-03T02:26:50,T2,ondemand,t2-ondemand-base-1gb-3-20250903-020224,2025-09-03T02:02:25+00:00,2025-09-03T02:26:19+00:00,1433.659869,dataflow,2025-09-02_19_02_24-9897085471605918064,JOB_STATE_DONE,n2-standard-2,1,4,,gs://bucket-mba-ricardo/t2/out/t2-ondemand/base-1gb/t2-ondemand-base-1gb-3-20250903-020224/part,gs://bucket-mba-ricardo/t2/base_1gb.csv,base-1gb,serverless,1.1736111111111112,4.695027126736111,14.671944444444444,0.0,0.1364137260243296,0.5456549050286412,6,24.0,10499374,7323.476249163252,0.0985833333333333,0.0250503172347005,0.002383147793645,0.1260167983616789,0.0120023154105834
2025-09-03T02:50:23,T2,flexrs,t2-flexrs-base-20mb-1-20250903-022650,2025-09-03T02:26:53+00:00,2025-09-03T02:49:53+00:00,1380.410473,dataflow,2025-09-02_19_26_52-898216292241183213,JOB_STATE_DONE,n2-standard-2,1,4,COST_OPTIMIZED,gs://bucket-mba-ricardo/t2/out/t2-flexrs/base-20mb/t2-flexrs-base-20mb-1-20250903-022650/part,gs://bucket-mba-ricardo/t2/base_20mb.csv,base-20mb,serverless,0.1941666666666666,0.7774395073784722,2.4294444444444445,0.0,0.001498850993812,0.0059954039752483,4,16.0,177444,128.5443739168154,0.01631,0.0041480284916178,2.618492686189711e-05,0.0204842134184797,0.1154404399048699
2025-09-03T03:18:00,T2,flexrs,t2-flexrs-base-20mb-2-20250903-025023,2025-09-03T02:50:25+00:00,2025-09-03T03:17:27+00:00,1621.685061,dataflow,2025-09-02_19_50_24-9411509843849255382,JOB_STATE_DONE,n2-standard-2,1,4,COST_OPTIMIZED,gs://bucket-mba-ricardo/t2/out/t2-flexrs/base-20mb/t2-flexrs-base-20mb-2-20250903-025023/part,gs://bucket-mba-ricardo/t2/base_20mb.csv,base-20mb,serverless,0.1872222222222222,0.7489938693576389,2.3405555555555555,0.0,0.0015559988096356,0.0062239952385425,4,16.0,201369,124.17269224631528,0.0157266666666666,0.0039962567899576,2.718329920433461e-05,0.0197501067558286,0.0980791817798603
2025-09-03T03:45:15,T2,flexrs,t2-flexrs-base-20mb-3-20250903-031800,2025-09-03T03:18:02+00:00,2025-09-03T03:44:47+00:00,1605.316313,dataflow,2025-09-02_20_18_01-12960235267241235247,JOB_STATE_DONE,n2-standard-2,1,4,COST_OPTIMIZED,gs://bucket-mba-ricardo/t2/out/t2-flexrs/base-20mb/t2-flexrs-base-20mb-3-20250903-031800/part,gs://bucket-mba-ricardo/t2/base_20mb.csv,base-20mb,serverless,0.1888888888888888,0.7558279079861111,2.3619444444444446,0.0,0.0015568500384688,0.0062274001538753,4,16.0,201726,125.661216027274,0.0158666666666666,0.0040327198030598,2.71981701720506e-05,0.0199265846398986,0.0987804479338241
2025-09-03T04:13:10,T2,flexrs,t2-flexrs-base-200mb-1-20250903-034515,2025-09-03T03:45:16+00:00,2025-09-03T04:12:42+00:00,1646.139059,dataflow,2025-09-02_20_45_15-6503901965935788849,JOB_STATE_DONE,n2-standard-2,1,4,COST_OPTIMIZED,gs://bucket-mba-ricardo/t2/out/t2-flexrs/base-200mb/t2-flexrs-base-200mb-1-20250903-034515/part,gs://bucket-mba-ricardo/t2/base_200mb.csv,base-200mb,serverless,0.3341666666666666,1.3372086588541667,4.178611111111112,0.0,0.0230421805754303,0.0921687232330441,4,16.0,3393198,2061.3070210856345,0.02807,0.0071346767993164,0.0004025468946527,0.0356072236939691,0.0104937064368095
2025-09-03T04:42:21,T2,flexrs,t2-flexrs-base-200mb-2-20250903-041310,2025-09-03T04:13:12+00:00,2025-09-03T04:41:51+00:00,1719.36408,dataflow,2025-09-02_21_13_11-8436412015444492958,JOB_STATE_DONE,n2-standard-2,1,4,COST_OPTIMIZED,gs://bucket-mba-ricardo/t2/out/t2-flexrs/base-200mb/t2-flexrs-base-200mb-2-20250903-041310/part,gs://bucket-mba-ricardo/t2/base_200mb.csv,base-200mb,serverless,0.3244444444444444,1.2979749891493055,4.056111111111111,0.0,0.022370820865035,0.0894832862541079,4,16.0,3098044,1801.8545554354023,0.0272533333333333,0.0069253455546061,0.0003908182405121,0.0345694971284516,0.0111584913346781
2025-09-03T05:12:42,T2,flexrs,t2-flexrs-base-200mb-3-20250903-044221,2025-09-03T04:42:24+00:00,2025-09-03T05:12:14+00:00,1790.161516,dataflow,2025-09-02_21_42_23-14929676771360730215,JOB_STATE_DONE,n2-standard-2,1,4,COST_OPTIMIZED,gs://bucket-mba-ricardo/t2/out/t2-flexrs/base-200mb/t2-flexrs-base-200mb-3-20250903-044221/part,gs://bucket-mba-ricardo/t2/base_200mb.csv,base-200mb,serverless,0.3258333333333333,1.304387749565972,4.076111111111112,0.0,0.0227327561005949,0.0909310262650251,4,16.0,3461345,1933.537822740236,0.02737,0.0069595608378092,0.0003971412490773,0.0347267020868866,0.010032719098179
2025-09-03T05:47:56,T2,flexrs,t2-flexrs-base-1gb-1-20250903-051242,2025-09-03T05:12:44+00:00,2025-09-03T05:47:27+00:00,2083.099686,dataflow,2025-09-02_22_12_43-17964315369972501814,JOB_STATE_DONE,n2-standard-2,1,4,COST_OPTIMIZED,gs://bucket-mba-ricardo/t2/out/t2-flexrs/base-1gb/t2-flexrs-base-1gb-1-20250903-051242/part,gs://bucket-mba-ricardo/t2/base_1gb.csv,base-1gb,serverless,0.9413888888888888,3.765900336371528,11.768333333333333,0.0,0.1252253288403153,0.5009013181552291,8,32.0,12759421,6125.209026602484,0.0790766666666666,0.0200929612447102,0.0021876864948403,0.1013573144062172,0.0079437236537784
2025-09-03T06:21:18,T2,flexrs,t2-flexrs-base-1gb-2-20250903-054756,2025-09-03T05:47:56+00:00,2025-09-03T06:20:54+00:00,1977.775103,dataflow,2025-09-02_22_47_55-9508400173157121636,JOB_STATE_DONE,n2-standard-2,1,4,COST_OPTIMIZED,gs://bucket-mba-ricardo/t2/out/t2-flexrs/base-1gb/t2-flexrs-base-1gb-2-20250903-054756/part,gs://bucket-mba-ricardo/t2/base_1gb.csv,base-1gb,serverless,0.9422222222222222,3.7695054796006944,11.779444444444444,0.0,0.1274507977068424,0.5098031917586923,8,32.0,11922477,6028.226860534001,0.0791466666666666,0.0201121964864095,0.0022265654359385,0.1014854285890147,0.0085121094038608
2025-09-03T06:52:54,T2,flexrs,t2-flexrs-base-1gb-3-20250903-062118,2025-09-03T06:21:16+00:00,2025-09-03T06:52:27+00:00,1870.796742,dataflow,2025-09-02_23_21_16-1421911381152901049,JOB_STATE_DONE,n2-standard-2,1,4,COST_OPTIMIZED,gs://bucket-mba-ricardo/t2/out/t2-flexrs/base-1gb/t2-flexrs-base-1gb-3-20250903-062118/part,gs://bucket-mba-ricardo/t2/base_1gb.csv,base-1gb,serverless,0.9508333333333333,3.8033363172743058,11.885277777777778,0.0,0.12909165862947702,0.5163666354492307,8,32.0,12928188,6910.525184141036,0.07987,0.02029270092081706,0.0022552312762569634,0.10241793219707401,0.007922063958002004
2025-09-03T00:35:43,T3,vertical,t3-vertical-base-20mb-1-20250903-002917,2025-09-03T00:29:25+00:00,2025-09-03T00:35:11+00:00,345.733048,dataflow,2025-09-02_17_29_24-3313866209274752703,JOB_STATE_DONE,n2-standard-8,1,1,,gs://bucket-mba-ricardo/t3/out/t3-vertical/base-20mb/t3-vertical-base-20mb-1-20250903-002917/part,gs://bucket-mba-ricardo/t3/base_20mb.csv,base-20mb,serverless,0.3166666666666666,1.2668302408854166,0.9894444444444443,0.0,0.0014333613216876,0.0057334452867507,8,32.0,150015,433.90413750669273,0.0266,0.0067591727502441,2.504082228988409e-05,0.033384213572534,0.2225391698999035
2025-09-03T00:42:18,T3,vertical,t3-vertical-base-20mb-2-20250903-003543,2025-09-03T00:35:43+00:00,2025-09-03T00:41:52+00:00,368.958658,dataflow,2025-09-02_17_35_42-1911931044390400429,JOB_STATE_DONE,n2-standard-8,1,1,,gs://bucket-mba-ricardo/t3/out/t3-vertical/base-20mb/t3-vertical-base-20mb-2-20250903-003543/part,gs://bucket-mba-ricardo/t3/base_20mb.csv,base-20mb,serverless,0.3611111111111111,1.44466796875,1.128611111111111,0.0,0.0015229443088173,0.0060917781665921,8,32.0,150015,406.5902689834697,0.0303333333333333,0.0077080259472656,2.6605837075039743e-05,0.038067965117674,0.2537610580120254
2025-09-03T00:48:38,T3,vertical,t3-vertical-base-20mb-3-20250903-004218,2025-09-03T00:42:20+00:00,2025-09-03T00:48:12+00:00,351.991018,dataflow,2025-09-02_17_42_19-10936525703302012003,JOB_STATE_DONE,n2-standard-8,1,1,,gs://bucket-mba-ricardo/t3/out/t3-vertical/base-20mb/t3-vertical-base-20mb-3-20250903-004218/part,gs://bucket-mba-ricardo/t3/base_20mb.csv,base-20mb,serverless,0.3316666666666666,1.326848687065972,1.0363888888888888,0.0,0.0014333613216876,0.0057334452867507,8,32.0,150015,426.1898523785627,0.02786,0.0070794011698404,2.504082228988409e-05,0.0349644419921303,0.2330729726502708
2025-09-03T00:56:07,T3,vertical,t3-vertical-base-200mb-1-20250903-004838,2025-09-03T00:48:38+00:00,2025-09-03T00:55:43+00:00,424.450586,dataflow,2025-09-02_17_48_37-437961204310590470,JOB_STATE_DONE,n2-standard-8,1,1,,gs://bucket-mba-ricardo/t3/out/t3-vertical/base-200mb/t3-vertical-base-200mb-1-20250903-004838/part,gs://bucket-mba-ricardo/t3/base_200mb.csv,base-200mb,serverless,0.4572222222222222,1.829190266927084,1.4288888888888889,0.0,0.0184529358521103,0.0738117452710866,8,32.0,2200476,5184.292524454189,0.0384066666666666,0.0097596446691894,0.0003223727893363,0.0484886841251924,0.0220355432757241
2025-09-03T01:03:55,T3,vertical,t3-vertical-base-200mb-2-20250903-005607,2025-09-03T00:56:07+00:00,2025-09-03T01:03:30+00:00,442.300547,dataflow,2025-09-02_17_56_06-15501322406910047510,JOB_STATE_DONE,n2-standard-8,1,1,,gs://bucket-mba-ricardo/t3/out/t3-vertical/base-200mb/t3-vertical-base-200mb-2-20250903-005607/part,gs://bucket-mba-ricardo/t3/base_200mb.csv,base-200mb,serverless,0.5186111111111111,2.075050998263889,1.6211111111111112,0.0,0.018534779548645,0.07413911819458,8,32.0,2231744,5045.763599293039,0.0435633333333333,0.0110714346012369,0.0003238025987148,0.0549585705332851,0.0246258399409991
2025-09-03T01:11:16,T3,vertical,t3-vertical-base-200mb-3-20250903-010355,2025-09-03T01:03:56+00:00,2025-09-03T01:10:49+00:00,412.482009,dataflow,2025-09-02_18_03_55-8256752502727485758,JOB_STATE_DONE,n2-standard-8,1,1,,gs://bucket-mba-ricardo/t3/out/t3-vertical/base-200mb/t3-vertical-base-200mb-3-20250903-010355/part,gs://bucket-mba-ricardo/t3/base_200mb.csv,base-200mb,serverless,0.4572222222222222,1.8295220269097223,1.4291666666666667,0.0,0.018495294265449,0.0739811779931187,8,32.0,2216624,5373.868318217971,0.0384066666666666,0.0097614147745768,0.0003231127908173,0.0484911942320608,0.0218761477959549
2025-09-03T01:22:07,T3,vertical,t3-vertical-base-1gb-1-20250903-011116,2025-09-03T01:11:18+00:00,2025-09-03T01:21:40+00:00,621.727854,dataflow,2025-09-02_18_11_17-1509994525565109085,JOB_STATE_DONE,n2-standard-8,1,1,,gs://bucket-mba-ricardo/t3/out/t3-vertical/base-1gb/t3-vertical-base-1gb-1-20250903-011116/part,gs://bucket-mba-ricardo/t3/base_1gb.csv,base-1gb,serverless,0.8988888888888888,3.595619574652778,2.8088888888888888,0.0,0.1004078052937984,0.4016312211751938,8,32.0,8083548,13001.746580908371,0.0755066666666666,0.0191844282405598,0.0017541243584826,0.0964452192657092,0.0119310504824996
2025-09-03T01:33:03,T3,vertical,t3-vertical-base-1gb-2-20250903-012207,2025-09-03T01:22:11+00:00,2025-09-03T01:32:33+00:00,621.935876,dataflow,2025-09-02_18_22_10-16009629951242465435,JOB_STATE_DONE,n2-standard-8,1,1,,gs://bucket-mba-ricardo/t3/out/t3-vertical/base-1gb/t3-vertical-base-1gb-2-20250903-012207/part,gs://bucket-mba-ricardo/t3/base_1gb.csv,base-1gb,serverless,0.9288888888888888,3.715958658854167,2.9030555555555555,0.0,0.1028654938563704,0.4114619754254818,8,32.0,8510119,13683.27399720546,0.0780266666666666,0.0198264974243164,0.0017970601776707,0.0996502242686538,0.0117096158430515
2025-09-03T01:43:35,T3,vertical,t3-vertical-base-1gb-3-20250903-013304,2025-09-03T01:33:03+00:00,2025-09-03T01:43:05+00:00,602.528741,dataflow,2025-09-02_18_33_02-10501556339958793383,JOB_STATE_DONE,n2-standard-8,1,1,,gs://bucket-mba-ricardo/t3/out/t3-vertical/base-1gb/t3-vertical-base-1gb-3-20250903-013304/part,gs://bucket-mba-ricardo/t3/base_1gb.csv,base-1gb,serverless,0.8897222222222222,3.558984646267361,2.7802777777777776,0.0,0.1024125376716256,0.4096501506865024,8,32.0,8385463,13917.117025957772,0.0747366666666666,0.0189889625801595,0.0017891470331232,0.0955147762799494,0.0113905190780699
2025-09-03T01:49:56,T3,horizontal,t3-horizontal-base-20mb-1-20250903-014335,2025-09-03T01:43:34+00:00,2025-09-03T01:49:30+00:00,356.456825,dataflow,2025-09-02_18_43_33-8627407717878103033,JOB_STATE_DONE,n2-standard-2,4,4,,gs://bucket-mba-ricardo/t3/out/t3-horizontal/base-20mb/t3-horizontal-base-20mb-1-20250903-014335/part,gs://bucket-mba-ricardo/t3/base_20mb.csv,base-20mb,serverless,0.3438888888888889,1.376560601128472,4.301666666666667,0.0,0.0014333613216876,0.0057334452867507,8,32.0,150015,420.85040733895335,0.0288866666666666,0.0073446390873209,2.504082228988409e-05,0.0362563465762775,0.241684808694314
2025-09-03T01:56:26,T3,horizontal,t3-horizontal-base-20mb-2-20250903-014956,2025-09-03T01:49:54+00:00,2025-09-03T01:55:59+00:00,364.341947,dataflow,2025-09-02_18_49_53-3217854262295195157,JOB_STATE_DONE,n2-standard-2,4,4,,gs://bucket-mba-ricardo/t3/out/t3-horizontal/base-20mb/t3-horizontal-base-20mb-2-20250903-014956/part,gs://bucket-mba-ricardo/t3/base_20mb.csv,base-20mb,serverless,0.345,1.3809418402777778,4.315277777777778,0.0,0.0014333613216876,0.0057334452867507,8,32.0,150015,411.7423240316603,0.02898,0.007368015188802,2.504082228988409e-05,0.0363730560110919,0.2424627937945669
2025-09-03T02:02:56,T3,horizontal,t3-horizontal-base-20mb-3-20250903-015626,2025-09-03T01:56:25+00:00,2025-09-03T02:02:32+00:00,366.802729,dataflow,2025-09-02_18_56_24-8076445671794366705,JOB_STATE_DONE,n2-standard-2,4,4,,gs://bucket-mba-ricardo/t3/out/t3-horizontal/base-20mb/t3-horizontal-base-20mb-3-20250903-015626/part,gs://bucket-mba-ricardo/t3/base_20mb.csv,base-20mb,serverless,0.3613888888888888,1.4466278754340278,4.520555555555555,0.0,0.0014333613216876,0.0057334452867507,8,32.0,150015,408.9800542350927,0.0303566666666666,0.0077184830293782,2.504082228988409e-05,0.0381001905183348,0.2539758725349785
2025-09-03T02:10:19,T3,horizontal,t3-horizontal-base-200mb-1-20250903-020256,2025-09-03T02:02:57+00:00,2025-09-03T02:09:51+00:00,414.608663,dataflow,2025-09-02_19_02_56-9913918106686565749,JOB_STATE_DONE,n2-standard-2,4,4,,gs://bucket-mba-ricardo/t3/out/t3-horizontal/base-200mb/t3-horizontal-base-200mb-1-20250903-020256/part,gs://bucket-mba-ricardo/t3/base_200mb.csv,base-200mb,serverless,0.4691666666666667,1.8769596354166669,5.865277777777778,0.0,0.0186449596658349,0.0745798405259847,8,32.0,2273799,5484.205234756516,0.03941,0.0100145181347656,0.0003257274453621,0.0497502455801277,0.0218797904212851
2025-09-03T02:17:44,T3,horizontal,t3-horizontal-base-200mb-2-20250903-021019,2025-09-03T02:10:19+00:00,2025-09-03T02:17:15+00:00,415.980459,dataflow,2025-09-02_19_10_18-8041956268282595590,JOB_STATE_DONE,n2-standard-2,4,4,,gs://bucket-mba-ricardo/t3/out/t3-horizontal/base-200mb/t3-horizontal-base-200mb-2-20250903-021019/part,gs://bucket-mba-ricardo/t3/base_200mb.csv,base-200mb,serverless,0.4733333333333333,1.8934304470486112,5.916944444444445,0.0,0.0186462718993425,0.0745850903913378,8,32.0,2274293,5467.307299644092,0.03976,0.0101023981502278,0.0003257503700815,0.0501881485203093,0.0220675825499658
2025-09-03T02:25:13,T3,horizontal,t3-horizontal-base-200mb-3-20250903-021744,2025-09-03T02:17:49+00:00,2025-09-03T02:24:45+00:00,416.613062,dataflow,2025-09-02_19_17_48-17033716315819582471,JOB_STATE_DONE,n2-standard-2,4,4,,gs://bucket-mba-ricardo/t3/out/t3-horizontal/base-200mb/t3-horizontal-base-200mb-3-20250903-021744/part,gs://bucket-mba-ricardo/t3/base_200mb.csv,base-200mb,serverless,0.4722222222222222,1.889021809895833,5.903055555555556,0.0,0.0181996366009116,0.0727985482662916,8,32.0,2103780,5049.721652750292,0.0396666666666666,0.0100788758666992,0.0003179476514179,0.0500634901847838,0.0237969227698636
2025-09-03T02:35:56,T3,horizontal,t3-horizontal-base-1gb-1-20250903-022513,2025-09-03T02:25:15+00:00,2025-09-03T02:35:26+00:00,610.611739,dataflow,2025-09-02_19_25_14-11974928345712125856,JOB_STATE_DONE,n2-standard-2,4,4,,gs://bucket-mba-ricardo/t3/out/t3-horizontal/base-1gb/t3-horizontal-base-1gb-1-20250903-022513/part,gs://bucket-mba-ricardo/t3/base_1gb.csv,base-1gb,serverless,0.9044444444444444,3.618252495659722,11.306944444444444,0.0,0.1022793995216488,0.4091175980865955,8,32.0,9216737,15094.267619378345,0.0759733333333333,0.0193051861905924,0.0017868211096432,0.0970653406335689,0.0105314213298664
2025-09-03T02:46:42,T3,horizontal,t3-horizontal-base-1gb-2-20250903-023556,2025-09-03T02:35:58+00:00,2025-09-03T02:46:12+00:00,613.857625,dataflow,2025-09-02_19_35_57-8692887151786487006,JOB_STATE_DONE,n2-standard-2,4,4,,gs://bucket-mba-ricardo/t3/out/t3-horizontal/base-1gb/t3-horizontal-base-1gb-2-20250903-023556/part,gs://bucket-mba-ricardo/t3/base_1gb.csv,base-1gb,serverless,0.9113888888888888,3.645630696614584,11.3925,0.0,0.1036084275692701,0.4144337130710482,8,32.0,8842048,14404.069673322052,0.0765566666666666,0.0194512625817871,0.0018100392296351,0.0978179684780889,0.011062818079939
2025-09-03T02:57:43,T3,horizontal,t3-horizontal-base-1gb-3-20250903-024642,2025-09-03T02:46:43+00:00,2025-09-03T02:57:12+00:00,629.02206,dataflow,2025-09-02_19_46_42-13003530795609421152,JOB_STATE_DONE,n2-standard-2,4,4,,gs://bucket-mba-ricardo/t3/out/t3-horizontal/base-1gb/t3-horizontal-base-1gb-3-20250903-024642/part,gs://bucket-mba-ricardo/t3/base_1gb.csv,base-1gb,serverless,0.9461111111111111,3.7848887803819444,11.827777777777778,0.0,0.10746795777231455,0.4298718338832259,8,32.0,9325468,14825.343327386641,0.07947333333333334,0.020194274087727865,0.0018774652222823352,0.10154507264334355,0.010889005532306104
2025-09-09T09:42:30,T4,desnormalizada,t4-desnormalizada-base-desnormalizada-50mb-1-20250909-093523,2025-09-09T09:35:32+00:00,2025-09-09T09:42:02+00:00,390.168905,dataflow,2025-09-17_02_35_31-11021173735788627146,JOB_STATE_DONE,n2-standard-4,1,4,,gs://bucket-mba-ricardo/t4/out/t4-desnormalizada/base-desnormalizada-50mb/t4-desnormalizada-base-desnormalizada-50mb-1-20250909-093523/part,gs://bucket-mba-ricardo/t4/base_desnormalizada_50mb.csv,base-desnormalizada-50mb,serverless,0.19444444444444445,0.7783859592013889,1.2161111111111111,0.0,0.0013280035927891731,0.005312017165124416,4.0,16.0,329531.0,844.5855007333298,0.016333333333333335,0.00415307828531901,2.3200222766026855e-05,0.02050961184141837,0.06223879344103701
2025-09-09T09:49:25,T4,desnormalizada,t4-desnormalizada-base-desnormalizada-50mb-2-20250909-094230,2025-09-09T09:42:32+00:00,2025-09-09T09:49:07+00:00,394.469781,dataflow,2025-09-17_02_42_31-16843948533644785988,JOB_STATE_DONE,n2-standard-4,1,4,,gs://bucket-mba-ricardo/t4/out/t4-desnormalizada/base-desnormalizada-50mb/t4-desnormalizada-base-desnormalizada-50mb-2-20250909-094230/part,gs://bucket-mba-ricardo/t4/base_desnormalizada_50mb.csv,base-desnormalizada-50mb,serverless,0.19916666666666666,0.7973947482638889,1.2458333333333333,0.0,0.001233377493917942,0.004933509975671768,4.0,16.0,329531.0,835.3770450162822,0.016730000000000002,0.004254499679361979,2.1547104818746448e-05,0.021006046784180728,0.06374528279336611
2025-09-09T09:56:15,T4,desnormalizada,t4-desnormalizada-base-desnormalizada-50mb-3-20250909-094926,2025-09-09T09:49:27+00:00,2025-09-09T09:55:52+00:00,384.905574,dataflow,2025-09-17_02_49_26-13188013982325943503,JOB_STATE_DONE,n2-standard-4,1,4,,gs://bucket-mba-ricardo/t4/out/t4-desnormalizada/base-desnormalizada-50mb/t4-desnormalizada-base-desnormalizada-50mb-3-20250909-094926/part,gs://bucket-mba-ricardo/t4/base_desnormalizada_50mb.csv,base-desnormalizada-50mb,serverless,0.2,0.8009412977430556,1.2513888888888889,0.0,0.0013275248929858208,0.005310102365911007,4.0,16.0,329531.0,856.134652911002,0.016800000000000002,0.004273422294108073,2.3191859880462287e-05,0.021096614153988537,0.06402011997046875
2025-09-09T10:06:30,T4,desnormalizada,t4-desnormalizada-base-desnormalizada-500mb-1-20250909-095615,2025-09-09T09:56:17+00:00,2025-09-09T10:06:08+00:00,590.86915,dataflow,2025-09-17_02_56_16-816400470233904448,JOB_STATE_DONE,n2-standard-4,1,4,,gs://bucket-mba-ricardo/t4/out/t4-desnormalizada/base-desnormalizada-500mb/t4-desnormalizada-base-desnormalizada-500mb-1-20250909-095615/part,gs://bucket-mba-ricardo/t4/base_desnormalizada_500mb.csv,base-desnormalizada-500mb,serverless,0.4261111111111111,1.705224609375,2.6641666666666666,0.0,0.018035766668617725,0.07214306760579348,4.0,16.0,3275294.0,5543.179907091105,0.03579333333333334,0.009098225903320312,0.00031508484370075166,0.0452066440803544,0.013802316396743132
2025-09-09T10:15:18,T4,desnormalizada,t4-desnormalizada-base-desnormalizada-500mb-2-20250909-100630,2025-09-09T10:06:35+00:00,2025-09-09T10:14:53+00:00,498.401146,dataflow,2025-09-17_03_06_34-13553533580192855953,JOB_STATE_DONE,n2-standard-4,1,4,,gs://bucket-mba-ricardo/t4/out/t4-desnormalizada/base-desnormalizada-500mb/t4-desnormalizada-base-desnormalizada-500mb-2-20250909-100630/part,gs://bucket-mba-ricardo/t4/base_desnormalizada_500mb.csv,base-desnormalizada-500mb,serverless,0.32805555555555554,1.3129804144965278,2.051388888888889,0.0,0.0180450938642025,0.07218037545681,4.0,16.0,3275294.0,6571.602064494451,0.027556666666666667,0.007005407001546224,0.00031524778980761764,0.03487732145802051,0.010648607867880109
2025-09-09T10:24:02,T4,desnormalizada,t4-desnormalizada-base-desnormalizada-500mb-3-20250909-101518,2025-09-09T10:15:19+00:00,2025-09-09T10:23:35+00:00,495.962201,dataflow,2025-09-17_03_15_18-8144176693111388405,JOB_STATE_DONE,n2-standard-4,1,4,,gs://bucket-mba-ricardo/t4/out/t4-desnormalizada/base-desnormalizada-500mb/t4-desnormalizada-base-desnormalizada-500mb-3-20250909-101518/part,gs://bucket-mba-ricardo/t4/base_desnormalizada_500mb.csv,base-desnormalizada-500mb,serverless,0.3258333333333333,1.3037841796875,2.0369444444444444,0.0,0.01760798040777445,0.07043192349374294,4.0,16.0,3275294.0,6603.918591771876,0.02737,0.006956340490722656,0.0003076114177238196,0.034633951908446474,0.010574303225434564
2025-09-09T10:34:41,T4,desnormalizada,t4-desnormalizada-base-desnormalizada-1gb-1-20250909-102402,2025-09-09T10:24:03+00:00,2025-09-09T10:34:20+00:00,617.104719,dataflow,2025-09-17_03_24_02-2693795566836574600,JOB_STATE_DONE,n2-standard-4,1,4,,gs://bucket-mba-ricardo/t4/out/t4-desnormalizada/base-desnormalizada-1gb/t4-desnormalizada-base-desnormalizada-1gb-1-20250909-102402/part,gs://bucket-mba-ricardo/t4/base_desnormalizada_1gb.csv,base-desnormalizada-1gb,serverless,0.4583333333333333,1.8339908854166667,2.8655555555555554,0.0,0.04152891132980585,0.1661156453192234,4.0,16.0,6533555.0,10587.43321650081,0.0385,0.009785258369140624,0.0007255100809317082,0.04901076845007234,0.007501393720581267
2025-09-09T10:45:07,T4,desnormalizada,t4-desnormalizada-base-desnormalizada-1gb-2-20250909-103441,2025-09-09T10:34:43+00:00,2025-09-09T10:44:42+00:00,598.718651,dataflow,2025-09-17_03_34_42-11961112888226735056,JOB_STATE_DONE,n2-standard-4,1,4,,gs://bucket-mba-ricardo/t4/out/t4-desnormalizada/base-desnormalizada-1gb/t4-desnormalizada-base-desnormalizada-1gb-2-20250909-103441/part,gs://bucket-mba-ricardo/t4/base_desnormalizada_1gb.csv,base-desnormalizada-1gb,serverless,0.43972222222222224,1.759912109375,2.749722222222222,0.0,0.03960146848112345,0.1584058739244938,4.0,16.0,6533555.0,10912.563002818497,0.03693666666666667,0.009390011059570312,0.0006918376543652266,0.04701851538060221,0.007196467371990014
2025-09-09T10:55:56,T4,desnormalizada,t4-desnormalizada-base-desnormalizada-1gb-3-20250909-104507,2025-09-09T10:45:08+00:00,2025-09-09T10:55:31+00:00,622.806624,dataflow,2025-09-17_03_45_07-14905272490133936784,JOB_STATE_DONE,n2-standard-4,1,4,,gs://bucket-mba-ricardo/t4/out/t4-desnormalizada/base-desnormalizada-1gb/t4-desnormalizada-base-desnormalizada-1gb-3-20250909-104507/part,gs://bucket-mba-ricardo/t4/base_desnormalizada_1gb.csv,base-desnormalizada-1gb,serverless,0.45,1.8008053927951388,2.8136111111111113,0.0,0.04175450373440981,0.16701801773160696,4.0,16.0,6533555.0,10490.503389379493,0.0378,0.009608197173258464,0.0007294511802401393,0.048137648353498604,0.007367757423561691
2025-09-09T11:02:10,T4,desnormalizada,t4-desnormalizada-base-desnormalizada-5mb-1-20250909-105556,2025-09-09T10:55:57+00:00,2025-09-09T11:01:47+00:00,350.316493,dataflow,2025-09-17_03_55_56-15067613765445231472,JOB_STATE_DONE,n2-standard-4,1,4,,gs://bucket-mba-ricardo/t4/out/t4-desnormalizada/base-desnormalizada-5mb/t4-desnormalizada-base-desnormalizada-5mb-1-20250909-105556/part,gs://bucket-mba-ricardo/t4/base_desnormalizada_5mb.csv,base-desnormalizada-5mb,serverless,0.16361111111111112,0.6546112738715277,1.0227777777777778,0.0,0.0001113060861825943,0.0004452243447303772,4.0,16.0,33151.0,94.63157077220455,0.013743333333333335,0.003492678451741536,1.9445173256099224e-06,0.017237956302400482,0.5199829960604652
2025-09-09T11:08:15,T4,desnormalizada,t4-desnormalizada-base-desnormalizada-5mb-2-20250909-110210,2025-09-09T11:02:11+00:00,2025-09-09T11:07:52+00:00,341.035173,dataflow,2025-09-17_04_02_10-16515997511098096192,JOB_STATE_DONE,n2-standard-4,1,4,,gs://bucket-mba-ricardo/t4/out/t4-desnormalizada/base-desnormalizada-5mb/t4-desnormalizada-base-desnormalizada-5mb-2-20250909-110210/part,gs://bucket-mba-ricardo/t4/base_desnormalizada_5mb.csv,base-desnormalizada-5mb,serverless,0.15166666666666667,0.6076375325520833,0.9491666666666667,0.0,0.0001113060861825943,0.0004452243447303772,4.0,16.0,33151.0,97.20698222526156,0.012740000000000001,0.0032420500549316406,1.9445173256099224e-06,0.01598399457225725,0.48215723725550513
2025-09-09T11:14:25,T4,desnormalizada,t4-desnormalizada-base-desnormalizada-5mb-3-20250909-110815,2025-09-09T11:08:17+00:00,2025-09-09T11:14:04+00:00,347.453122,dataflow,2025-09-17_04_08_16-12011066242993654195,JOB_STATE_DONE,n2-standard-4,1,4,,gs://bucket-mba-ricardo/t4/out/t4-desnormalizada/base-desnormalizada-5mb/t4-desnormalizada-base-desnormalizada-5mb-3-20250909-110815/part,gs://bucket-mba-ricardo/t4/base_desnormalizada_5mb.csv,base-desnormalizada-5mb,serverless,0.1527777777777778,0.6118218315972223,0.9558333333333333,0.0,0.0001113060861825943,0.0004452243447303772,4.0,16.0,33151.0,95.41143222192719,0.012833333333333335,0.0032643753824869795,1.9445173256099224e-06,0.016099653233145925,0.4856460810577637
2025-09-09T17:10:25,T4,normalizada,t4-normalizada-base-normalizada-5mb-1-20250909-170409,2025-09-09T17:04:11+00:00,2025-09-09T17:10:01+00:00,350.401619,dataflow,2025-09-17_10_04_10-3439499239336514809,JOB_STATE_DONE,n2-standard-4,1,4,,gs://bucket-mba-ricardo/t4/out/t4-normalizada/base-normalizada-5mb/t4-normalizada-base-normalizada-5mb-1-20250909-170409/part,gs://bucket-mba-ricardo/t4/base_normalizada_5mb/,base-normalizada-5mb,serverless,0.16111111111111112,0.6445407443576389,1.0069444444444444,0.0,0.00044173281639814377,0.001766931265592575,4.0,16.0,87100.0,248.57191085067447,0.013533333333333335,0.003438947141520182,7.717072302475572e-06,0.01697999754715599,0.19494830708560265
2025-09-09T17:16:45,T4,normalizada,t4-normalizada-base-normalizada-5mb-2-20250909-171025,2025-09-09T17:10:26+00:00,2025-09-09T17:16:23+00:00,357.208094,dataflow,2025-09-17_10_10_25-16395401211544299204,JOB_STATE_DONE,n2-standard-4,1,4,,gs://bucket-mba-ricardo/t4/out/t4-normalizada/base-normalizada-5mb/t4-normalizada-base-normalizada-5mb-2-20250909-171025/part,gs://bucket-mba-ricardo/t4/base_normalizada_5mb/,base-normalizada-5mb,serverless,0.17055555555555554,0.6824446614583334,1.066111111111111,0.0,0.00044173281639814377,0.001766931265592575,4.0,16.0,87100.0,243.83546023456006,0.014326666666666666,0.003641183491210938,7.717072302475572e-06,0.017975567230180078,0.20637849862434074
2025-09-09T17:23:11,T4,normalizada,t4-normalizada-base-normalizada-5mb-3-20250909-171645,2025-09-09T17:16:47+00:00,2025-09-09T17:22:49+00:00,361.533042,dataflow,2025-09-17_10_16_46-9506195455360180909,JOB_STATE_DONE,n2-standard-4,1,4,,gs://bucket-mba-ricardo/t4/out/t4-normalizada/base-normalizada-5mb/t4-normalizada-base-normalizada-5mb-3-20250909-171645/part,gs://bucket-mba-ricardo/t4/base_normalizada_5mb/,base-normalizada-5mb,serverless,0.17333333333333334,0.6939095052083334,1.0841666666666667,0.0,0.00044173281639814377,0.001766931265592575,4.0,16.0,87100.0,240.918505036671,0.014560000000000002,0.003702354165039063,7.717072302475572e-06,0.018270071237341538,0.2097597156985251
2025-09-09T17:31:45,T4,normalizada,t4-normalizada-base-normalizada-500mb-1-20250909-172311,2025-09-09T17:23:11+00:00,2025-09-09T17:31:20+00:00,489.190694,dataflow,2025-09-17_10_23_10-11147538583386391219,JOB_STATE_DONE,n2-standard-4,1,4,,gs://bucket-mba-ricardo/t4/out/t4-normalizada/base-normalizada-500mb/t4-normalizada-base-normalizada-500mb-1-20250909-172311/part,gs://bucket-mba-ricardo/t4/base_normalizada_500mb/,base-normalizada-500mb,serverless,0.3188888888888889,1.2762095811631944,1.9938888888888888,0.0,0.028548882342875004,0.11419553123414516,4.0,16.0,4872336.0,9959.99322914348,0.026786666666666667,0.006809216220296224,0.0004987489745300263,0.03409463186149292,0.0069975945545407625
2025-09-09T17:40:29,T4,normalizada,t4-normalizada-base-normalizada-500mb-2-20250909-173145,2025-09-09T17:31:46+00:00,2025-09-09T17:40:02+00:00,496.574625,dataflow,2025-09-17_10_31_45-6010315841375500752,JOB_STATE_DONE,n2-standard-4,1,4,,gs://bucket-mba-ricardo/t4/out/t4-normalizada/base-normalizada-500mb/t4-normalizada-base-normalizada-500mb-2-20250909-173145/part,gs://bucket-mba-ricardo/t4/base_normalizada_500mb/,base-normalizada-500mb,serverless,0.3219444444444444,1.2881589084201388,2.0125,0.0,0.02973518054932356,0.11894072499126196,4.0,16.0,4872336.0,9811.890810973275,0.027043333333333332,0.00687297185587565,0.0005194736041966826,0.03443577879340567,0.007067611674031854
2025-09-09T17:49:28,T4,normalizada,t4-normalizada-base-normalizada-500mb-3-20250909-174029,2025-09-09T17:40:30+00:00,2025-09-09T17:49:01+00:00,510.851215,dataflow,2025-09-17_10_40_29-798032666550284711,JOB_STATE_DONE,n2-standard-4,1,4,,gs://bucket-mba-ricardo/t4/out/t4-normalizada/base-normalizada-500mb/t4-normalizada-base-normalizada-500mb-3-20250909-174029/part,gs://bucket-mba-ricardo/t4/base_normalizada_500mb/,base-normalizada-500mb,serverless,0.3408333333333333,1.364113498263889,2.131388888888889,0.0,0.03047350514680147,0.12189402244985104,4.0,16.0,4872336.0,9537.681142639545,0.02863,0.0072782275699869795,0.0005323721349146217,0.0364405997049016,0.007479081841831434
2025-09-09T18:00:19,T4,normalizada,t4-normalizada-base-normalizada-1gb-1-20250909-174928,2025-09-09T17:49:30+00:00,2025-09-09T17:59:56+00:00,626.049688,dataflow,2025-09-17_10_49_29-16465561120002520166,JOB_STATE_DONE,n2-standard-4,1,4,,gs://bucket-mba-ricardo/t4/out/t4-normalizada/base-normalizada-1gb/t4-normalizada-base-normalizada-1gb-1-20250909-174928/part,gs://bucket-mba-ricardo/t4/base_normalizada_1gb/,base-normalizada-1gb,serverless,0.4663888888888889,1.8656206597222222,2.915,0.0,0.06089624669402838,0.24358498770743608,4.0,16.0,9421390.0,15048.94927764903,0.03917666666666667,0.009954019029947917,0.0010638574297446757,0.05019454312635927,0.0053277216128787015
2025-09-09T18:11:08,T4,normalizada,t4-normalizada-base-normalizada-1gb-2-20250909-180019,2025-09-09T18:00:20+00:00,2025-09-09T18:10:47+00:00,626.966838,dataflow,2025-09-17_11_00_19-15758691568846175947,JOB_STATE_DONE,n2-standard-4,1,4,,gs://bucket-mba-ricardo/t4/out/t4-normalizada/base-normalizada-1gb/t4-normalizada-base-normalizada-1gb-2-20250909-180019/part,gs://bucket-mba-ricardo/t4/base_normalizada_1gb/,base-normalizada-1gb,serverless,0.46694444444444444,1.8680137803819445,2.9186111111111113,0.0,0.06488601677119732,0.259544069878757,4.0,16.0,9421390.0,15026.935124756948,0.03922333333333333,0.009966787525227864,0.0011335587129928171,0.050323679571554016,0.005341428342479615
2025-09-09T18:21:58,T4,normalizada,t4-normalizada-base-normalizada-1gb-3-20250909-181108,2025-09-09T18:11:09+00:00,2025-09-09T18:21:35+00:00,626.089284,dataflow,2025-09-17_11_11_08-5160240099384195574,JOB_STATE_DONE,n2-standard-4,1,4,,gs://bucket-mba-ricardo/t4/out/t4-normalizada/base-normalizada-1gb/t4-normalizada-base-normalizada-1gb-3-20250909-181108/part,gs://bucket-mba-ricardo/t4/base_normalizada_1gb/,base-normalizada-1gb,serverless,0.4483333333333333,1.7936493598090277,2.8025,0.0,0.06689254567027092,0.26757018454372883,4.0,16.0,9421390.0,15047.9975312914,0.03766,0.009570016159261067,0.001168612772859633,0.04839862893212069,0.005137100675390859
2025-09-09T18:28:47,T4,normalizada,t4-normalizada-base-normalizada-50mb-1-20250909-182158,2025-09-09T18:21:58+00:00,2025-09-09T18:28:26+00:00,387.543162,dataflow,2025-09-17_11_21_57-11283892236693066243,JOB_STATE_DONE,n2-standard-4,1,4,,gs://bucket-mba-ricardo/t4/out/t4-normalizada/base-normalizada-50mb/t4-normalizada-base-normalizada-50mb-1-20250909-182158/part,gs://bucket-mba-ricardo/t4/base_normalizada_50mb/,base-normalizada-50mb,serverless,0.20166666666666666,0.8068600802951389,1.2605555555555557,0.0,0.0029893480241298676,0.011957393027842045,4.0,16.0,652042.0,1682.5016254576567,0.01694,0.004305001958414713,5.2223909981548784e-05,0.021297225868396264,0.032662352836774725
2025-09-09T18:35:49,T4,normalizada,t4-normalizada-base-normalizada-50mb-2-20250909-182847,2025-09-09T18:28:50+00:00,2025-09-09T18:35:25+00:00,395.007701,dataflow,2025-09-17_11_28_49-17805551731860379199,JOB_STATE_DONE,n2-standard-4,1,4,,gs://bucket-mba-ricardo/t4/out/t4-normalizada/base-normalizada-50mb/t4-normalizada-base-normalizada-50mb-2-20250909-182847/part,gs://bucket-mba-ricardo/t4/base_normalizada_50mb/,base-normalizada-50mb,serverless,0.2088888888888889,0.8366292317708334,1.3072222222222223,0.0,0.002993929199874401,0.011975718662142754,4.0,16.0,652042.0,1650.707057987206,0.01754666666666667,0.004463835266113282,5.230394312180579e-05,0.02206280587590176,0.033836479668336944
2025-09-09T18:42:54,T4,normalizada,t4-normalizada-base-normalizada-50mb-3-20250909-183549,2025-09-09T18:35:50+00:00,2025-09-09T18:42:30+00:00,400.21746,dataflow,2025-09-17_11_35_49-12865395002231248137,JOB_STATE_DONE,n2-standard-4,1,4,,gs://bucket-mba-ricardo/t4/out/t4-normalizada/base-normalizada-50mb/t4-normalizada-base-normalizada-50mb-3-20250909-183549/part,gs://bucket-mba-ricardo/t4/base_normalizada_50mb/,base-normalizada-50mb,serverless,0.21194444444444444,0.8488661024305556,1.326111111111111,0.0,0.0028007617220282555,0.011203046888113022,4.0,16.0,652042.0,1629.2192749411781,0.017803333333333334,0.00452912508951823,4.8929307283833624e-05,0.0223813877301354,0.034325070670501896
